"varietal","category","average_price_varietal"
"Zweigelt-Pinot Noir","Red","                15.00"
"Zweigelt","Dessert","                40.73"
"Zweigelt","Red","                22.04"
"Zweigelt","Rose","                14.18"
"Zweigelt","Sparkling","                22.83"
"Zweigelt","White","                15.00"
"Zlahtina","White","                16.00"
"Zinfandel","Dessert","                27.83"
"Zinfandel","Port/Sherry","                34.38"
"Zinfandel","Red","                27.50"
"Zinfandel","Rose","                12.14"
"Zinfandel","Sparkling","                27.00"
"Zinfandel","White","                21.67"
"Žilavka","White","                14.67"
"Zierfandler-Rotgipfler","White","                23.75"
"Zierfandler","Dessert","                38.00"
"Zierfandler","White","                35.78"
"Zibibbo","Dessert","                41.68"
"Zibibbo","Fortified","                25.00"
"Zibibbo","White","                26.77"
"Zelen","White",NULL
"Yapincak","White","                18.00"
"Xynisteri","White","                18.50"
"Xinomavro","Red","                23.74"
"Xinomavro","Rose","                12.20"
"Xinomavro","White","                15.00"
"Xinisteri","Dessert","                20.00"
"Xinisteri","White","                10.00"
"Xarel-lo","Red","                15.00"
"Xarel-lo","Sparkling","                29.20"
"Xarel-lo","White","                18.69"
"White Riesling","Dessert","                31.30"
"White Riesling","White","                15.25"
"White Port","Dessert","                40.00"
"White Port","Port/Sherry","                24.67"
"White Blend","Dessert","                45.07"
"White Blend","Fortified","                28.75"
"White Blend","Port/Sherry","                14.00"
"White Blend","Red","                16.00"
"White Blend","Rose","                14.50"
"White Blend","Sparkling","                22.55"
"White Blend","White","                20.84"
"Welschriesling","Dessert","                56.50"
"Welschriesling","Sparkling","                21.00"
"Welschriesling","White","                18.67"
"Weisser Burgunder","White","                31.80"
"Weissburgunder","Dessert","                65.50"
"Weissburgunder","White","                27.23"
"Vranec","Red","                15.50"
"Vranac","Red","                11.00"
"Viura-Verdejo","White","                14.33"
"Viura-Sauvignon Blanc","White","                13.00"
"Viura-Chardonnay","White","                10.65"
"Viura","Red","                 9.67"
"Viura","White","                14.18"
"Vitovska","White","                53.25"
"Vital","White",NULL
"Viosinho","White","                22.60"
"Viognier-Valdiguié","White","                17.00"
"Viognier-Roussanne","White","                23.67"
"Viognier-Pinot Gris","White","                20.00"
"Viognier-Marsanne","Red","                16.00"
"Viognier-Marsanne","White","                20.38"
"Viognier-Grenache Blanc","White","                28.50"
"Viognier-Gewürztraminer","White","                15.00"
"Viognier-Chardonnay","White","                17.57"
"Viognier","Dessert","                26.17"
"Viognier","Port/Sherry","                21.00"
"Viognier","Red","                19.80"
"Viognier","Rose","                16.00"
"Viognier","Sparkling","                43.50"
"Viognier","White","                24.68"
"Vinhão","Red","                18.00"
"Vinhão","Rose",NULL
"Vinhão","Sparkling","                26.00"
"Vilana","Red","                11.00"
"Vilana","White","                13.38"
"Vignoles","Dessert","                20.71"
"Vignoles","White","                13.35"
"Vidal Blanc","Dessert","                41.07"
"Vidal Blanc","Sparkling","                25.00"
"Vidal Blanc","White","                19.28"
"Vidal","Dessert","                50.38"
"Vidal","White","                14.00"
"Vidadillo","Red","                24.00"
"Vespolina","Red","                36.67"
"Vespaiolo","Dessert","                75.00"
"Vespaiolo","White","                10.00"
"Vernaccia","Red","                21.50"
"Vernaccia","White","                18.52"
"Vermentino Nero","Red","                45.00"
"Vermentino","Dessert","                37.00"
"Vermentino","Rose","                40.00"
"Vermentino","Sparkling","                20.00"
"Vermentino","White","                22.35"
"Verduzzo Friulano ","Dessert","                36.42"
"Verduzzo Friulano ","White","                37.00"
"Verduzzo","Dessert","                22.17"
"Verduzzo","White","                37.67"
"Verdosilla","White","                17.00"
"Verdil","White","                17.00"
"Verdicchio","Dessert","                46.50"
"Verdicchio","Sparkling","                27.20"
"Verdicchio","White","                20.56"
"Verdelho","Dessert","                32.00"
"Verdelho","Fortified","                98.00"
"Verdelho","Port/Sherry","                21.00"
"Verdelho","White","                15.78"
"Verdejo-Viura","White","                11.73"
"Verdejo-Sauvignon Blanc","White","                12.00"
"Verdejo","Red","                14.00"
"Verdejo","Sparkling","                30.00"
"Verdejo","White","                15.89"
"Verdeca","Sparkling","                30.00"
"Verdeca","White","                16.67"
"Veltliner","White","                29.50"
"Valvin Muscat","Sparkling","                15.00"
"Valvin Muscat","White","                13.00"
"Valdiguié","Red","                20.29"
"Uvalino","Red","                29.00"
"Uva di Troia","Red","                23.47"
"Ugni Blanc-Colombard","White","                10.33"
"Ugni Blanc","Sparkling","                10.00"
"Ugni Blanc","White","                27.50"
"Turbiana","Dessert","                31.00"
"Turbiana","Sparkling","                33.62"
"Turbiana","White","                22.55"
"Tsolikouri","White","                14.00"
"Tsapournakos","Red","                27.00"
"Trousseau Gris","White","                22.00"
"Trousseau","Red","                36.09"
"Trollinger","Red","                22.00"
"Trincadeira","Red","                21.21"
"Trincadeira","White","                24.00"
"Trepat","Red","                24.50"
"Trepat","Sparkling","                21.50"
"Treixadura","White","                17.50"
"Trebbiano Spoletino","White","                22.00"
"Trebbiano di Lugana","White","                22.00"
"Trebbiano-Malvasia","Dessert","                49.25"
"Trebbiano","Sparkling","                37.50"
"Trebbiano","White","                21.74"
"Traminette","Sparkling","                18.00"
"Traminette","White","                15.59"
"Traminer","Dessert","                50.67"
"Traminer","Red","                13.00"
"Traminer","White","                20.15"
"Traminac","White","                28.00"
"Trajadura","White","                11.67"
"Touriga Nacional Blend","Dessert","                16.00"
"Touriga Nacional Blend","Red","                26.85"
"Touriga Nacional Blend","Sparkling",NULL
"Touriga Nacional-Cabernet Sauvignon","Red","                15.46"
"Touriga Nacional","Dessert","                22.00"
"Touriga Nacional","Port/Sherry","                40.00"
"Touriga Nacional","Red","                28.54"
"Touriga Nacional","Rose","                10.80"
"Touriga Nacional","Sparkling","                27.00"
"Touriga Franca","Red","                24.94"
"Touriga","Red","                35.25"
"Torrontés","Dessert","                12.00"
"Torrontés","Red","                30.00"
"Torrontés","Sparkling","                16.00"
"Torrontés","White","                13.06"
"Torontel","Dessert","                40.75"
"Torbato","White","                21.00"
"Tokay Pinot Gris","Dessert","                57.40"
"Tokay Pinot Gris","White","                26.53"
"Tokay","Dessert","                44.29"
"Tokay","Port/Sherry","                87.00"
"Tokay","Red","                16.00"
"Tokaji","Dessert","                82.38"
"Tokaji","Red","                30.00"
"Tokaji","Sparkling","                30.00"
"Tokaji","White","                31.00"
"Tocai Rosso","Rose","                13.00"
"Tocai Rosso","Sparkling","                14.50"
"Tocai Friulano","Dessert","                20.00"
"Tocai Friulano","White","                24.22"
"Tocai","White","                20.82"
"Tinto Velasco","Red","                 9.00"
"Tinto Fino","Red","                59.39"
"Tinto Fino","Rose","                19.00"
"Tinto del Pais","Red","                44.38"
"Tintilia ","Red","                25.00"
"Tinta Roriz","Red","                34.27"
"Tinta Roriz","Rose","                 9.00"
"Tinta Roriz","Sparkling","                40.00"
"Tinta Negra Mole","Fortified","               103.75"
"Tinta Negra Mole","Port/Sherry","                14.00"
"Tinta Miúda","Red","                18.67"
"Tinta Francisca","Red","                50.00"
"Tinta Fina","Red","                26.79"
"Tinta del Toro","Red","                25.33"
"Tinta del Pais","Red","                30.67"
"Tinta de Toro","Red","                45.22"
"Tinta Cao","Red","                14.00"
"Tinta Caiada","Red","                16.00"
"Tinta Barroca","Red","                30.20"
"Tinta Amarela","Red","                30.00"
"Timorasso","White","                45.75"
"Thrapsathiri","White","                25.00"
"Terret Blanc","White",NULL
"Terrantez","Fortified","               236.00"
"Teroldego Rotaliano","Red","                17.00"
"Teroldego","Red","                30.71"
"Teroldego","Sparkling","                40.00"
"Teran","Red","                24.55"
"Tempranillo Blend","Red","                37.29"
"Tempranillo Blend","Rose","                 9.00"
"Tempranillo Blend","White","                12.00"
"Tempranillo Blanco","White","                29.25"
"Tempranillo-Tannat","Red","                20.00"
"Tempranillo-Syrah","Red","                19.50"
"Tempranillo-Shiraz","Red","                13.19"
"Tempranillo-Merlot","Red","                14.80"
"Tempranillo-Merlot","Rose","                15.00"
"Tempranillo-Malbec","Red","                29.00"
"Tempranillo-Garnacha","Red","                12.45"
"Tempranillo-Garnacha","Rose","                11.00"
"Tempranillo-Cabernet Sauvignon","Red","                39.54"
"Tempranillo","Dessert","                27.00"
"Tempranillo","Red","                31.18"
"Tempranillo","Rose","                11.74"
"Tempranillo","Sparkling","                12.00"
"Tempranillo","White","                18.80"
"Tannat-Syrah","Red","                17.50"
"Tannat-Merlot","Red","                16.89"
"Tannat-Malbec","Red","                60.00"
"Tannat-Cabernet Franc","Red","                21.17"
"Tannat-Cabernet","Red","                20.18"
"Tannat","Dessert","                31.00"
"Tannat","Fortified","                39.67"
"Tannat","Port/Sherry","                30.00"
"Tannat","Red","                31.19"
"Tannat","Rose","                25.33"
"Tannat","Sparkling","                15.00"
"Tamjanika","White","                20.00"
"Tamianka","White","                20.00"
"Tămâioasă Românească","White","                11.00"
"Tai","White","                10.00"
"Syrah-Xinomavro","Red","                18.00"
"Syrah-Viognier","Red","                49.96"
"Syrah-Tempranillo","Red","                36.89"
"Syrah-Petite Sirah","Red","                45.07"
"Syrah-Petit Verdot","Red","                42.00"
"Syrah-Mourvèdre","Red","                32.43"
"Syrah-Merlot","Red","                25.50"
"Syrah-Merlot","Rose","                11.00"
"Syrah-Malbec","Red","                24.00"
"Syrah-Grenache-Viognier","Red","                14.00"
"Syrah-Grenache","Red","                27.13"
"Syrah-Grenache","Rose","                11.67"
"Syrah-Garnacha","Red","                13.00"
"Syrah-Carmenère","Red","                11.00"
"Syrah-Carignan","Red","                24.20"
"Syrah-Cabernet Sauvignon","Red","                46.31"
"Syrah-Cabernet Franc","Red","                77.00"
"Syrah-Cabernet","Red","                26.54"
"Syrah-Bonarda","Red","                14.00"
"Syrah","Dessert","                29.70"
"Syrah","Fortified","                33.50"
"Syrah","Port/Sherry","                46.83"
"Syrah","Red","                36.66"
"Syrah","Rose","                18.35"
"Syrah","Sparkling","                23.17"
"Syrah","White","                26.86"
"Symphony","Dessert","                 8.00"
"Symphony","White","                16.00"
"Sylvaner","White","                22.86"
"Susumaniello","Red","                30.75"
"Sumoll","Sparkling","                30.00"
"Steen","White","                 8.33"
"St. Vincent","Red","                24.00"
"St. Laurent","Red","                33.75"
"St. George","Red","                11.33"
"Spätburgunder","Red","                62.45"
"Spätburgunder","Rose","                14.00"
"Spätburgunder","White","                20.50"
"Sparkling Blend","Dessert","                12.50"
"Sparkling Blend","Port/Sherry","                34.00"
"Sparkling Blend","Red","                35.20"
"Sparkling Blend","Rose","                18.20"
"Sparkling Blend","Sparkling","                29.50"
"Sparkling Blend","White","                20.60"
"Souzao","Red","                30.00"
"Sousão","Red","                38.63"
"Sirica","Red","                32.00"
"Siria","Red","                50.00"
"Siria","White","                15.69"
"Silvaner-Traminer","White","                25.00"
"Silvaner","Dessert","               137.83"
"Silvaner","White","                30.98"
"Siegerrebe","White","                14.00"
"Sideritis","White","                23.00"
"Shiraz-Viognier","Red","                43.77"
"Shiraz-Viognier","White","                20.00"
"Shiraz-Tempranillo","Red","                 9.83"
"Shiraz-Tempranillo","Rose","                10.00"
"Shiraz-Roussanne","Red","                29.00"
"Shiraz-Pinotage","Red","                11.20"
"Shiraz-Mourvèdre","Red","                19.20"
"Shiraz-Merlot","Red","                10.00"
"Shiraz-Malbec","Red","                15.45"
"Shiraz-Malbec","Rose","                 8.00"
"Shiraz-Grenache","Red","                22.05"
"Shiraz-Grenache","Rose","                10.50"
"Shiraz-Grenache","Sparkling","                11.00"
"Shiraz-Cabernet Sauvignon","Red","                20.27"
"Shiraz-Cabernet Sauvignon","Sparkling","                11.00"
"Shiraz-Cabernet","Red","                19.00"
"Shiraz","Dessert","                56.00"
"Shiraz","Fortified","                26.00"
"Shiraz","Port/Sherry","                40.00"
"Shiraz","Red","                36.35"
"Shiraz","Rose","                10.06"
"Shiraz","Sparkling","                22.88"
"Shiraz","White","                37.67"
"Sherry","Dessert","                20.00"
"Sherry","Port/Sherry","                31.89"
"Sherry","Red","                20.00"
"Seyval Blanc","Fortified","                45.00"
"Seyval Blanc","Sparkling","                31.67"
"Seyval Blanc","White","                17.16"
"Sercial","Fortified","               172.50"
"Sercial","Port/Sherry","                21.00"
"Semillon-Sauvignon Blanc","Dessert","                55.88"
"Semillon-Sauvignon Blanc","White","                20.77"
"Semillon-Chardonnay","Red","                 9.00"
"Semillon-Chardonnay","White","                 9.43"
"Sémillon","Dessert","                27.66"
"Sémillon","Red","                19.00"
"Sémillon","Sparkling","                20.00"
"Sémillon","White","                20.83"
"Segalin","Red","                10.00"
"Sciaccerellu","Red","                45.50"
"Schwartzriesling","Red","                25.00"
"Schwartzriesling","White",NULL
"Schioppettino","Red","                30.67"
"Schiava","Red","                18.42"
"Scheurebe","Dessert","                67.86"
"Scheurebe","Rose","                13.00"
"Scheurebe","Sparkling","                23.00"
"Scheurebe","White","                23.81"
"Savatiano","White","                13.78"
"Savagnin","White","                45.11"
"Sauvignonasse","White","                25.00"
"Sauvignon Musqué","Dessert","                50.00"
"Sauvignon Musqué","White","                21.50"
"Sauvignon Gris","White","                21.16"
"Sauvignon Blanc-Verdejo","White","                12.00"
"Sauvignon Blanc-Semillon","Dessert","                42.57"
"Sauvignon Blanc-Semillon","Red","                23.00"
"Sauvignon Blanc-Semillon","White","                22.02"
"Sauvignon Blanc-Sauvignon Gris","White","                45.00"
"Sauvignon Blanc-Chenin Blanc","White","                15.83"
"Sauvignon Blanc-Chardonnay","Dessert","                34.00"
"Sauvignon Blanc-Chardonnay","White","                17.20"
"Sauvignon Blanc-Assyrtiko","White","                20.00"
"Sauvignon Blanc","Dessert","                33.12"
"Sauvignon Blanc","Red","                16.26"
"Sauvignon Blanc","Rose","                10.00"
"Sauvignon Blanc","Sparkling","                20.00"
"Sauvignon Blanc","White","                19.30"
"Sauvignon-Sémillon","White","                12.00"
"Sauvignon","Dessert","                50.67"
"Sauvignon","Red","                17.00"
"Sauvignon","Sparkling","                15.00"
"Sauvignon","White","                25.56"
"Sarba","White","                10.00"
"Saperavi-Merlot","Red","                17.50"
"Saperavi","Red","                20.58"
"Sangiovese Grosso","Red","                67.71"
"Sangiovese Grosso","Rose",NULL
"Sangiovese Cabernet","Red","                46.33"
"Sangiovese-Syrah","Red","                48.67"
"Sangiovese-Cabernet Sauvignon","Red","                33.38"
"Sangiovese","Dessert","                44.00"
"Sangiovese","Red","                42.70"
"Sangiovese","Rose","                15.62"
"Sangiovese","Sparkling","                26.80"
"Sangiovese","White","                15.83"
"Sämling","Dessert","                35.33"
"Sämling","White","                15.00"
"Saint Jeannet","White","                13.00"
"Sagrantino","Dessert","                48.89"
"Sagrantino","Red","                51.05"
"Sagrantino","Rose","                21.00"
"Sacy","White","                19.00"
"Ryzlink Rýnský","White","                40.00"
"Rufete","Red","                28.50"
"Rufete","Rose","                10.00"
"Ruen","Red","                15.00"
"Ruché","Red","                27.42"
"Rubin","Red","                36.00"
"Roviello","White","                28.00"
"Roussanne-Viognier","Red","                24.00"
"Roussanne-Viognier","White","                28.26"
"Roussanne-Marsanne","White","                32.14"
"Roussanne-Grenache Blanc","White","                18.00"
"Roussanne","Dessert","                32.83"
"Roussanne","Port/Sherry","                20.00"
"Roussanne","Red","                18.67"
"Roussanne","White","                27.75"
"Rotgipfler","Dessert",NULL
"Rotgipfler","White","                29.65"
"Roter Veltliner","White","                30.29"
"Roter Traminer","White","                33.00"
"Rosenmuskateller","Dessert","               150.00"
"Rosé","Dessert","                25.50"
"Rosé","Red","                17.90"
"Rosé","Rose","                17.90"
"Rosé","Sparkling","                31.62"
"Rosé","White","                14.25"
"Roscetto","White","                24.00"
"Rosato","Rose","                17.69"
"Rosado","Rose","                13.23"
"Romorantin","White","                22.40"
"Rolle","Rose","                30.00"
"Rolle","White","                22.38"
"Roditis-Moschofilero","White","                11.00"
"Roditis","Red","                13.00"
"Roditis","White","                13.39"
"Robola","White","                19.29"
"Rkatsiteli","Red","                18.00"
"Rkatsiteli","White","                21.15"
"Rivaner","White","                14.50"
"Riesling-Muscat","White","                12.00"
"Riesling-Chardonnay","Dessert","                40.00"
"Riesling","Dessert","                93.95"
"Riesling","Red","                23.00"
"Riesling","Sparkling","                24.43"
"Riesling","White","                27.94"
"Rieslaner","Dessert",NULL
"Rieslaner","White","                40.40"
"Ribolla Gialla","Sparkling","                29.44"
"Ribolla Gialla","White","                27.22"
"Rhône-style White Blend","Dessert","                46.50"
"Rhône-style White Blend","Fortified","                50.00"
"Rhône-style White Blend","Red","                31.33"
"Rhône-style White Blend","Rose","                33.00"
"Rhône-style White Blend","White","                30.40"
"Rhône-style Red Blend","Fortified","                28.00"
"Rhône-style Red Blend","Port/Sherry","                70.00"
"Rhône-style Red Blend","Red","                32.36"
"Rhône-style Red Blend","Rose","                13.65"
"Rhône-style Red Blend","Sparkling","                10.00"
"Rhône-style Red Blend","White","                19.00"
"Refosco","Dessert","                45.00"
"Refosco","Red","                34.65"
"Red Blend","Dessert","                35.48"
"Red Blend","Fortified","               113.36"
"Red Blend","Port/Sherry","                23.00"
"Red Blend","Red","                35.33"
"Red Blend","Rose","                21.61"
"Red Blend","Sparkling","                20.20"
"Red Blend","White","                19.28"
"Rebula","White","                22.67"
"Rebo","Red","                27.00"
"Raspberry","Red","                14.00"
"Rara Neagra","Red","                17.67"
"Ranchita Canyon","Red","                18.00"
"Ramisco","Red","               314.00"
"Raboso","Dessert","                20.00"
"Raboso","Red","                31.80"
"Raboso","Rose","                13.50"
"Raboso","Sparkling","                15.25"
"Rabigato","White","                33.00"
"Pugnitello","Red","                54.00"
"Prunelard","Red","                20.00"
"Prugnolo Gentile","Dessert","               223.50"
"Prugnolo Gentile","Red","                35.78"
"Provence white blend","White","                23.77"
"Provence red blend","Red","                30.38"
"Prosecco","Sparkling","                18.31"
"Prokupac","Red","                21.00"
"Primitivo-Susumaniello","Red","                22.00"
"Primitivo","Dessert","                25.40"
"Primitivo","Red","                23.61"
"Primitivo","Rose","                16.50"
"Prieto Picudo","Red","                30.83"
"Prieto Picudo","Rose","                14.50"
"Prié Blanc","Sparkling","                28.00"
"Prié Blanc","White","                21.67"
"Premsal","White","                15.00"
"Poulsard","Red","                26.00"
"Posip","Sparkling","                70.00"
"Posip","White","                23.09"
"Portuguiser","Red","                15.00"
"Portuguese White","Dessert","                25.60"
"Portuguese White","Red","                10.00"
"Portuguese White","Rose","                10.00"
"Portuguese White","White","                15.74"
"Portuguese Sparkling","Sparkling","                17.47"
"Portuguese Rosé","Rose","                17.50"
"Portuguese Red","Dessert","                50.00"
"Portuguese Red","Fortified","                30.00"
"Portuguese Red","Port/Sherry",NULL
"Portuguese Red","Red","                25.04"
"Portuguese Red","Rose","                 9.82"
"Portuguese Red","White","                12.00"
"Port","Dessert","                35.78"
"Port","Port/Sherry","                62.79"
"Port","Red","                43.50"
"Plyto","White","                19.50"
"Plavac Mali","Red","                34.00"
"Plavac Mali","White","                65.00"
"Piquepoul Blanc","White","                13.00"
"Pinotage-Merlot","Red","                10.00"
"Pinotage","Dessert","                18.00"
"Pinotage","Port/Sherry","                18.00"
"Pinotage","Red","                21.26"
"Pinotage","Rose","                10.92"
"Pinot Noir-Tannat","Red","                20.00"
"Pinot Noir-Syrah","Red","                32.00"
"Pinot Noir-Gamay","Dessert","                16.00"
"Pinot Noir-Gamay","Red","                18.24"
"Pinot Noir-Gamay","Sparkling","                22.00"
"Pinot Noir","Dessert","                40.56"
"Pinot Noir","Red","                46.56"
"Pinot Noir","Rose","                21.39"
"Pinot Noir","Sparkling","                42.25"
"Pinot Noir","White","                34.53"
"Pinot Nero","Red","                30.52"
"Pinot Nero","Rose","                18.00"
"Pinot Nero","Sparkling","                42.41"
"Pinot Nero","White","                12.00"
"Pinot Meunier","Red","                33.50"
"Pinot Meunier","Rose","                18.00"
"Pinot Meunier","Sparkling","                69.96"
"Pinot Gris-Gewürztraminer","White","                20.00"
"Pinot Gris","Dessert","                70.82"
"Pinot Gris","Fortified","                48.00"
"Pinot Gris","Red","                15.86"
"Pinot Gris","Rose","                22.00"
"Pinot Gris","Sparkling","                24.88"
"Pinot Gris","White","                21.95"
"Pinot Grigio-Sauvignon Blanc","White","                35.00"
"Pinot Grigio-Chardonnay","White","                10.00"
"Pinot Grigio","Dessert","                46.00"
"Pinot Grigio","Red","                12.33"
"Pinot Grigio","Rose","                12.00"
"Pinot Grigio","Sparkling","                15.00"
"Pinot Grigio","White","                15.34"
"Pinot Blanc-Viognier","White","                19.00"
"Pinot Blanc-Pinot Noir","Rose","                16.00"
"Pinot Blanc-Pinot Noir","Sparkling","                18.00"
"Pinot Blanc-Chardonnay","Sparkling","                25.67"
"Pinot Blanc-Chardonnay","White","                22.00"
"Pinot Blanc","Dessert","                40.83"
"Pinot Blanc","Red","                22.00"
"Pinot Blanc","Sparkling","                37.52"
"Pinot Blanc","White","                19.11"
"Pinot Bianco","Sparkling","                13.00"
"Pinot Bianco","White","                24.76"
"Pinot Auxerrois","Red","                22.00"
"Pinot Auxerrois","Sparkling","                19.50"
"Pinot Auxerrois","White","                24.17"
"Pinot-Chardonnay","Red","                34.00"
"Pinot-Chardonnay","Sparkling","                50.20"
"Pinot-Chardonnay","White","                28.67"
"Pineau d'Aunis","Rose",NULL
"Pineau d'Aunis","Sparkling","                16.00"
"Pignolo","Red","                52.33"
"Pignoletto","Dessert",NULL
"Pignoletto","Sparkling","                16.33"
"Pignoletto","White",NULL
"Pigato","White","                22.00"
"Piedirosso","Red","                21.46"
"Pied de Perdrix","Red","                13.00"
"Picpoul Blanc","White","                25.33"
"Picpoul","White","                21.38"
"Picolit","Dessert","                71.39"
"Picolit","White","                20.00"
"Picapoll","White","                22.00"
"Petroulianos","White","                25.00"
"Petite Syrah","Red","                40.00"
"Petite Sirah","Dessert","                36.38"
"Petite Sirah","Fortified","                80.00"
"Petite Sirah","Port/Sherry","                35.29"
"Petite Sirah","Red","                30.07"
"Petite Sirah","Rose","                20.50"
"Petite Sirah","White","                39.40"
"Petite Arvine","White","                30.00"
"Petit Verdot","Port/Sherry","                38.00"
"Petit Verdot","Red","                38.77"
"Petit Verdot","Rose","                30.00"
"Petit Meslier","Sparkling",NULL
"Petit Manseng","Dessert","                34.69"
"Petit Manseng","White","                26.62"
"Petit Courbu","White","                19.00"
"Perricone","Red","                24.53"
"Pelaverga Piccolo","Red","                28.00"
"Pedro Ximénez","Dessert","                16.13"
"Pedro Ximénez","Port/Sherry","                36.47"
"Pedro Ximénez","Red","                16.00"
"Pedro Ximénez","White","                24.20"
"Pecorino","Sparkling","                26.00"
"Pecorino","White","                21.95"
"Passerina","Dessert","                28.33"
"Passerina","Sparkling","                18.50"
"Passerina","White","                15.35"
"Parraleta","Red","                13.50"
"Pardina","White","                11.00"
"Paralleda","Red","                 8.00"
"Paralleda","White","                10.00"
"Papaskarasi","Red","                20.00"
"Papaskarasi","White","                24.00"
"Pansa Blanca","White","                17.39"
"Palomino","Dessert","                90.00"
"Palomino","Port/Sherry","                36.46"
"Palomino","White","                25.00"
"Pallagrello Nero","Red","                46.00"
"Pallagrello Bianco","White","                30.43"
"Pallagrello","Red","                49.00"
"Pallagrello","White","                29.64"
"País","Red","                19.00"
"País","Sparkling","                20.00"
"Otskhanuri Sapere","Red","                30.00"
"Other","Dessert","                27.00"
"Oseleta","Red","               100.00"
"Ortega","Rose","                14.00"
"Orangetraube","White","                22.33"
"Orange Muscat","Dessert","                18.69"
"Orange Muscat","Sparkling","                18.00"
"Orange Muscat","White","                20.58"
"Ondenc","White","                16.50"
"Olasrizling","White","                25.00"
"Okuzgozu","Red","                23.18"
"Ojaleshi","Red","                18.00"
"Nuragus","White","                15.80"
"Nosiola","Dessert","                43.67"
"Nosiola","White","                22.17"
"Norton","Dessert","                30.00"
"Norton","Port/Sherry","                52.00"
"Norton","Red","                22.55"
"Nielluciu","Red","                20.00"
"Nielluciu","White","                24.00"
"Nieddera","Red","                20.00"
"Neuburger","White","                30.55"
"Nero di Troia","Red","                31.36"
"Nero d'Avola","Dessert","                59.00"
"Nero d'Avola","Red","                23.52"
"Nero d'Avola","Rose","                16.14"
"Nero d'Avola","White","                21.20"
"Nerello Mascalese","Red","                46.03"
"Nerello Mascalese","Rose","                19.64"
"Nerello Mascalese","Sparkling","                31.50"
"Nerello Mascalese","White","                22.00"
"Nerello Cappuccio","Red","                31.38"
"Nerello Cappuccio","Sparkling","                38.00"
"Negroamaro","Red","                19.61"
"Negroamaro","Rose","                15.47"
"Negroamaro","Sparkling","                10.00"
"Negrette","Red","                20.68"
"Negrette","Rose","                10.50"
"Negrette","Sparkling","                25.00"
"Nebbiolo","Dessert",NULL
"Nebbiolo","Port/Sherry",NULL
"Nebbiolo","Red","                67.20"
"Nebbiolo","Rose","                17.14"
"Nebbiolo","Sparkling","                38.00"
"Nebbiolo","White","                41.50"
"Nasco","Dessert","                61.67"
"Nasco","White","                20.00"
"Nascetta","White","                27.00"
"Narince","White","                21.40"
"Muskateller","Dessert","                35.00"
"Muskateller","White","                25.43"
"Muskat Ottonel","Dessert","                45.86"
"Muskat Ottonel","Sparkling","                13.00"
"Muskat Ottonel","White","                14.11"
"Muskat","White","                20.50"
"Muscatel","Dessert","                13.50"
"Muscatel","White","                19.00"
"Muscat Ottonel","Dessert","               130.00"
"Muscat Ottonel","White","                26.33"
"Muscat of Alexandria","Dessert","                19.67"
"Muscat of Alexandria","White","                 9.50"
"Muscat Hamburg","Dessert","                17.67"
"Muscat Hamburg","Port/Sherry","                22.00"
"Muscat d'Alexandrie","Dessert","                18.60"
"Muscat d'Alexandrie","Sparkling","                10.00"
"Muscat Canelli","Dessert","                19.39"
"Muscat Canelli","White","                17.75"
"Muscat Blanc à Petits Grains","Dessert","                24.00"
"Muscat Blanc à Petits Grains","Fortified","                19.75"
"Muscat Blanc à Petits Grains","Sparkling","                15.00"
"Muscat Blanc à Petits Grains","White","                14.33"
"Muscat Blanc","Dessert","                30.67"
"Muscat Blanc","White","                19.36"
"Muscat-Viognier","White","                12.00"
"Muscat","Dessert","                35.18"
"Muscat","Fortified","                53.60"
"Muscat","Port/Sherry","                71.40"
"Muscat","Red","                14.00"
"Muscat","Sparkling","                14.55"
"Muscat","White","                23.32"
"Muscadine","Dessert","                20.00"
"Muscadine","White","                25.00"
"Muscadet","White","                 9.67"
"Muscadelle","Dessert","               160.33"
"Muscadelle","Fortified","               177.00"
"Muscadelle","White","                33.33"
"Muscadel","Dessert","                99.40"
"Muscadel","White","                33.00"
"Müller-Thurgau","Dessert",NULL
"Müller-Thurgau","Sparkling","                20.75"
"Müller-Thurgau","White","                19.33"
"Mtsvane","Sparkling","                37.00"
"Mtsvane","White","                22.17"
"Mourvèdre-Syrah","Red","                47.75"
"Mourvèdre","Red","                34.06"
"Mourvèdre","Rose","                21.75"
"Moscofilero","White","                14.00"
"Moschofilero-Chardonnay","White","                13.00"
"Moschofilero","White","                15.36"
"Moscato Rosa","Dessert","                54.33"
"Moscato Giallo","Dessert","                23.63"
"Moscato Giallo","White","                21.00"
"Moscato di Scanzo","Dessert","                62.00"
"Moscato di Noto","Dessert","                40.00"
"Moscato","Dessert","                19.63"
"Moscato","Fortified","                13.00"
"Moscato","Red","                19.50"
"Moscato","Rose","                 9.67"
"Moscato","Sparkling","                15.44"
"Moscato","White","                12.81"
"Moscatel Roxo","Dessert","                50.00"
"Moscatel Roxo","Fortified","                25.00"
"Moscatel Roxo","Rose","                19.00"
"Moscatel Graúdo","White","                13.00"
"Moscatel Galego Branco","White","                25.00"
"Moscatel de Alejandría","White","                18.67"
"Moscatel","Dessert","                33.50"
"Moscatel","Fortified","                39.82"
"Moscatel","Port/Sherry","                47.25"
"Moscatel","Red","                19.00"
"Moscatel","Sparkling","                16.86"
"Moscatel","White","                24.16"
"Moscadello","Dessert","                38.25"
"Moristel","Red","                11.67"
"Morio Muskat","Dessert","                15.00"
"Morio Muskat","White","                17.00"
"Morillon","Dessert","                55.00"
"Morillon","White","                30.14"
"Moreto","Red","                30.00"
"Morava","White","                26.00"
"Montepulciano","Dessert","                36.67"
"Montepulciano","Red","                25.39"
"Montepulciano","Rose","                17.64"
"Monica","Red","                21.75"
"Mondeuse","Red","                28.90"
"Monastrell-Syrah","Red","                17.19"
"Monastrell-Petit Verdot","Red","                23.00"
"Monastrell-Cabernet Sauvignon","Red","                15.00"
"Monastrell","Dessert","                34.86"
"Monastrell","Red","                18.23"
"Monastrell","Rose","                 9.80"
"Monastrell","Sparkling","                15.00"
"Molinara","Sparkling","                20.50"
"Mission","Dessert","               106.67"
"Mission","Rose","                16.80"
"Misket","White","                19.00"
"Minutolo","White","                18.00"
"Meseguera","White","                24.00"
"Merseguera-Sauvignon Blanc","White","                 9.50"
"Merlot-Tannat","Red","                18.33"
"Merlot-Syrah","Red","                30.88"
"Merlot-Shiraz","Red","                14.33"
"Merlot-Petite Verdot","Red","                20.00"
"Merlot-Malbec","Red","                27.00"
"Merlot-Malbec","Rose","                10.00"
"Merlot-Grenache","Red","                10.50"
"Merlot-Cabernet Sauvignon","Red","                28.07"
"Merlot-Cabernet Sauvignon","Rose","                 9.50"
"Merlot-Cabernet Sauvignon","White","                55.00"
"Merlot-Cabernet Franc","Dessert","                60.00"
"Merlot-Cabernet Franc","Red","                42.21"
"Merlot-Cabernet Franc","Rose","                10.00"
"Merlot-Cabernet","Red","                17.81"
"Merlot-Argaman","Red","                13.00"
"Merlot","Dessert","                66.67"
"Merlot","Red","                26.74"
"Merlot","Rose","                15.74"
"Merlot","Sparkling","                24.38"
"Merlot","White","                26.00"
"Meritage","Red","                38.58"
"Meritage","White","                19.10"
"Meoru","Red","                11.00"
"Mencía","Red","                28.65"
"Melon de Bourgogne","White","                19.37"
"Melon","White","                16.63"
"Melnik","Red","                18.00"
"Mazuelo","Red","                60.67"
"Mavrud","Red","                16.57"
"Mavroudi","Red","                16.00"
"Mavrotragano","Red","                50.00"
"Mavrokalavryta","Red","                15.00"
"Mavrodaphne","Dessert","                14.50"
"Mavrodaphne","Red","                11.50"
"Mauzac","Dessert","                17.00"
"Mauzac","Sparkling","                18.44"
"Mauzac","White","                16.00"
"Maturana Blanca","White","                22.00"
"Maturana","Red","                57.50"
"Mataro","Dessert","                40.00"
"Mataro","Red","                49.15"
"Marzemino","Dessert","                50.00"
"Marzemino","Red","                34.67"
"Marselan","Red","                28.50"
"Marsanne-Viognier","White","                30.00"
"Marsanne-Roussanne","Red","                26.00"
"Marsanne-Roussanne","White","                28.82"
"Marsanne","Dessert","                35.00"
"Marsanne","Red","                20.00"
"Marsanne","White","                36.79"
"Marquette","Red","                22.88"
"Maria Gomes-Bical","White","                25.00"
"Maria Gomes","Red","                20.00"
"Maria Gomes","Sparkling","                12.00"
"Maria Gomes","White","                10.67"
"Maréchal Foch","Red","                14.00"
"Marawi","White","                35.00"
"Manzoni","White","                22.33"
"Mantonico","Dessert","                30.00"
"Mantonico","White","                28.00"
"Mansois","Red","                15.50"
"Manseng Noir","Red","                22.00"
"Mandilaria","Dessert","                25.00"
"Mandilaria","Red","                24.00"
"Malvoisie","White","                14.00"
"Malvazija","White","                19.00"
"Malvasia Nera","Dessert","                16.00"
"Malvasia Nera","Red","                31.80"
"Malvasia Istriana","White","                19.36"
"Malvasia Fina","Dessert","                33.50"
"Malvasia Fina","White","                16.50"
"Malvasia di Candia","Dessert","                23.00"
"Malvasia di Candia","White","                22.00"
"Malvasia Bianca","Dessert","                29.67"
"Malvasia Bianca","Sparkling","                19.00"
"Malvasia Bianca","White","                20.61"
"Malvasia-Viura","White","                15.75"
"Malvasia","Dessert","                46.33"
"Malvasia","Fortified","               195.00"
"Malvasia","Red",NULL
"Malvasia","Sparkling","                19.00"
"Malvasia","White","                24.20"
"Malvar","White","                21.00"
"Malmsey","Port/Sherry","                29.00"
"Malbec Blend","Red","                47.71"
"Malbec-Tempranillo","Red","                19.67"
"Malbec-Tannat","Fortified","                30.00"
"Malbec-Tannat","Red","                29.90"
"Malbec-Syrah","Red","                16.82"
"Malbec-Syrah","Rose","                 9.00"
"Malbec-Petit Verdot","Red","                43.00"
"Malbec-Merlot","Fortified","                35.00"
"Malbec-Merlot","Red","                19.76"
"Malbec-Corvina","Red","                18.00"
"Malbec-Carménère","Red","                57.50"
"Malbec-Cabernet Sauvignon","Red","                37.38"
"Malbec-Cabernet Sauvignon","Rose","                11.33"
"Malbec-Cabernet Franc","Red","                38.00"
"Malbec-Cabernet","Red","                90.00"
"Malbec-Bonarda","Red","                15.78"
"Malbec","Dessert","                20.00"
"Malbec","Fortified","                32.00"
"Malbec","Red","                28.97"
"Malbec","Rose","                14.10"
"Malbec","Sparkling","                20.14"
"Malbec","White","                17.43"
"Malagouzia-Chardonnay","White","                 8.00"
"Malagouzia","White","                20.40"
"Malagousia","White","                20.67"
"Magliocco","Red","                29.60"
"Madeleine Angevine","White","                17.50"
"Madeira Blend","Dessert","                42.00"
"Madeira Blend","Port/Sherry","                34.83"
"Macabeo-Moscatel","White","                 7.50"
"Macabeo-Gewürztraminer","White","                10.00"
"Macabeo-Chardonnay","Sparkling","                12.00"
"Macabeo-Chardonnay","White","                10.80"
"Macabeo","Dessert","                20.00"
"Macabeo","Red","                 8.00"
"Macabeo","Sparkling","                24.33"
"Macabeo","White","                13.26"
"Loureiro-Arinto","White","                10.00"
"Loureiro","White","                12.80"
"Loin de l'Oeil","Dessert","                31.25"
"Loin de l'Oeil","White","                19.50"
"Listán Negro","Red","                32.50"
"Liebfraumilch","White","                 6.00"
"Lidia","Red","                15.00"
"Lemberger-Cabernet","Red","                12.50"
"Lemberger","Red","                19.97"
"Lemberger","Rose","                20.00"
"Lambrusco Salamino","Sparkling","                15.33"
"Lambrusco Grasparossa","Dessert","                14.00"
"Lambrusco Grasparossa","Sparkling","                18.52"
"Lambrusco di Sorbara","Sparkling","                20.57"
"Lambrusco","Dessert","                10.75"
"Lambrusco","Red","                12.83"
"Lambrusco","Rose","                21.00"
"Lambrusco","Sparkling","                16.68"
"Lagrein-Dolcetto","Red","                26.00"
"Lagrein","Red","                32.18"
"Lagrein","Rose","                16.43"
"Lacrima","Red","                17.00"
"Kuntra","Red","                15.00"
"Kotsifali","Red","                13.00"
"Koshu","White","                24.00"
"Kisi","White","                19.80"
"Királyleányka","White","                 9.00"
"Kinali Yapincak","White","                15.00"
"Kerner","Dessert","                37.00"
"Kerner","White","                22.83"
"Kekfrankos","Red","                27.08"
"Karasakiz","Red","                15.00"
"Karalahna","Red","                15.00"
"Kangoun","White","                14.00"
"Kallmet","Red","                20.00"
"Kalecik Karasi","Red","                22.00"
"Kalecik Karasi","Rose","                19.00"
"Kalecik Karasi","Sparkling","                42.50"
"Kadarka","Red","                21.25"
"Juhfark","White","                28.00"
"Johannisberg Riesling","Dessert","                28.33"
"Johannisberg Riesling","Red","                11.00"
"Johannisberg Riesling","Sparkling","                 8.00"
"Johannisberg Riesling","White","                10.75"
"Johannisberg","White","                30.00"
"Jampal","White","                25.00"
"Jaen","Red","                30.11"
"Jaen","White","                20.00"
"Jacquez","Dessert","                40.00"
"Jacquez","Fortified","                42.00"
"Jacquère","White","                17.36"
"Irsai Oliver","White","                13.00"
"Inzolia","White","                15.51"
"Insolia","White","                16.86"
"Incrocio Manzoni","White","                24.75"
"Huxelrebe","Dessert","                37.00"
"Hondarrabi Zuri","Dessert","                40.00"
"Hondarrabi Zuri","Rose","                19.00"
"Hondarrabi Zuri","White","                20.81"
"Hárslevelü","White","                19.33"
"Grüner Veltliner","Dessert","                43.11"
"Grüner Veltliner","Red","                17.00"
"Grüner Veltliner","Sparkling","                28.67"
"Grüner Veltliner","White","                28.90"
"Gros Plant","White","                16.00"
"Gros Manseng","Dessert","                16.36"
"Gros Manseng","White","                16.38"
"Gros and Petit Manseng","Dessert","                21.65"
"Gros and Petit Manseng","White","                20.33"
"Groppello","Red","                18.00"
"Grolleau","Red","                54.00"
"Grolleau","Rose","                11.67"
"Grillo","Dessert","                30.00"
"Grillo","Fortified","                24.00"
"Grillo","Port/Sherry",NULL
"Grillo","Sparkling","                15.50"
"Grillo","White","                16.67"
"Grignolino","Red","                18.67"
"Grenache Noir","Red","                28.14"
"Grenache Noir","White","                40.00"
"Grenache Gris","Red","                35.00"
"Grenache Gris","White","                32.00"
"Grenache Blend","Red","                28.58"
"Grenache Blend","White","                23.00"
"Grenache Blanc","Dessert","                26.00"
"Grenache Blanc","Fortified","                35.50"
"Grenache Blanc","Rose","                38.00"
"Grenache Blanc","White","                25.39"
"Grenache-Syrah","Red","                28.68"
"Grenache-Syrah","Rose","                11.29"
"Grenache-Shiraz","Red","                25.33"
"Grenache-Shiraz","Rose","                11.25"
"Grenache-Mourvèdre","Red","                35.38"
"Grenache-Carignan","Red","                27.00"
"Grenache","Dessert","                34.71"
"Grenache","Fortified","                24.00"
"Grenache","Red","                36.73"
"Grenache","Rose","                20.13"
"Grenache","Sparkling","                23.00"
"Grenache","White","                22.13"
"Greco Bianco","White","                17.67"
"Greco","Red",NULL
"Greco","Sparkling","                42.25"
"Greco","White","                25.12"
"Grechetto","White","                17.10"
"Grecanico","Rose","                19.00"
"Grecanico","White","                19.67"
"Grauburgunder","White","                23.42"
"Grasparossa di Castelvetro","Sparkling","                26.00"
"Graševina","White","                24.00"
"Gragnano","Sparkling","                16.50"
"Gragnano","White","                11.00"
"Graciano","Red","                41.40"
"Graciano","Rose","                16.00"
"Gouveio","Sparkling","                22.50"
"Godello","Red","                12.00"
"Godello","White","                22.32"
"Glera","Dessert","                22.50"
"Glera","Sparkling","                20.22"
"Glera","White","                16.50"
"Gewürztraminer-Riesling","Dessert","                37.33"
"Gewürztraminer-Riesling","White","                19.13"
"Gewürztraminer","Dessert","                42.15"
"Gewürztraminer","Red","                16.25"
"Gewürztraminer","Sparkling","                17.00"
"Gewürztraminer","White","                24.88"
"Gelber Traminer","Dessert","                35.00"
"Gelber Muskateller","Dessert","                60.50"
"Gelber Muskateller","Sparkling",NULL
"Gelber Muskateller","White","                23.91"
"Garnatxa Blanca","White","                14.00"
"Garnatxa","Red","                17.50"
"Garnacha Tintorera","Red","                13.43"
"Garnacha Blend","Fortified","                38.00"
"Garnacha Blend","Red","                18.00"
"Garnacha Blanca","Red","                15.00"
"Garnacha Blanca","White","                18.21"
"Garnacha-Tempranillo","Red","                12.20"
"Garnacha-Syrah","Red","                12.79"
"Garnacha-Monastrell","Red","                11.67"
"Garnacha-Graciano","Red","                42.75"
"Garnacha-Cariñena","Red","                57.00"
"Garnacha-Cabernet","Red","                22.00"
"Garnacha-Cabernet","Rose","                13.00"
"Garnacha","Dessert","                25.00"
"Garnacha","Red","                20.96"
"Garnacha","Rose","                10.50"
"Garnacha","Sparkling","                13.00"
"Garnacha","White","                21.00"
"Garganega","Dessert","                41.43"
"Garganega","Sparkling","                22.67"
"Garganega","White","                18.95"
"Gamza","Red","                11.00"
"Gamay Noir","Red","                24.58"
"Gamay Noir","Rose","                14.00"
"Gamay","Red","                21.03"
"Gamay","Rose","                16.57"
"Gamay","Sparkling","                22.75"
"Gamay","White","                20.00"
"Gaglioppo","Red","                19.36"
"Gaglioppo","Rose","                12.00"
"G-S-M","Red","                33.05"
"Furmint","Dessert","               115.20"
"Furmint","White","                24.10"
"Fumin","Red","                30.00"
"Fumé Blanc","White","                19.57"
"Fumé-Chardonnay","White","                10.00"
"Früburgunder","Red","                40.00"
"Friulano","Dessert","                45.00"
"Friulano","White","                23.10"
"Freisa","Red","                20.00"
"Freisa","Sparkling","                15.00"
"Frappato","Dessert","                26.00"
"Frappato","Red","                21.48"
"Frappato","Sparkling","                22.25"
"Frappato","White","                33.00"
"Frankovka","Red","                24.00"
"Franconia","Red","                16.00"
"Francisa","Red","               160.00"
"Forcallà","Red","                27.00"
"Folle Blanche","White","                16.50"
"Foglia Tonda","Red","                75.00"
"Flora","White","                32.00"
"Fiano Bianco","White","                16.00"
"Fiano","Dessert","                45.50"
"Fiano","Fortified","                20.00"
"Fiano","Sparkling","                23.00"
"Fiano","White","                26.82"
"Feteascǎ Regalǎ","White","                10.83"
"Feteasca Neagra","Red","                19.25"
"Feteasca","Red","                 8.00"
"Feteasca","White","                16.67"
"Fernão Pires","Dessert","                14.67"
"Fernão Pires","Fortified","                16.50"
"Fernão Pires","Red","                50.00"
"Fernão Pires","Sparkling",NULL
"Fernão Pires","White","                20.62"
"Fer Servadou","Red","                18.00"
"Favorita","White","                22.25"
"Falanghina","Dessert","                48.50"
"Falanghina","Sparkling","                37.67"
"Falanghina","White","                19.81"
"Espadeiro","Rose",NULL
"Erbaluce","Sparkling","                33.33"
"Erbaluce","White","                22.50"
"Encruzado","Dessert","                14.00"
"Encruzado","Red","                18.00"
"Encruzado","White","                23.27"
"Enantio","Red",NULL
"Emir","White","                16.33"
"Elbling","White","                16.00"
"Ekigaïna","Red","                15.00"
"Ehrenfelser","White","                20.00"
"Edelzwicker","White","                18.40"
"Durif","Red","                30.80"
"Durello","White","                22.00"
"Durella","Sparkling","                33.39"
"Duras","Dessert",NULL
"Duras","Red","                21.33"
"Dorona","White",NULL
"Dornfelder","Red","                17.68"
"Doña Blanca","White","                50.50"
"Dolcetto","Red","                20.36"
"Dolcetto","Rose","                15.00"
"Dolcetto","White","                18.00"
"Diamond","White","                10.00"
"Debit","Dessert","               130.00"
"Debit","White","                22.00"
"Dafni","White","                20.00"
"Cserszegi Fűszeres","White","                 9.00"
"Crespiello","Red","                52.00"
"Counoise","Red","                31.05"
"Counoise","Rose","                22.00"
"Côt","Red","                31.67"
"Corvina","Dessert","                48.72"
"Corvina","Red","                48.84"
"Corvina","Sparkling",NULL
"Corvina","White","                66.00"
"Cortese","Red","                17.75"
"Cortese","Rose","                15.50"
"Cortese","Sparkling","                27.25"
"Cortese","White","                19.51"
"Cordisco","Red",NULL
"Colorino","Red","                39.33"
"Colombard-Ugni Blanc","White","                10.33"
"Colombard-Sauvignon Blanc","White","                11.24"
"Colombard","Sparkling","                42.00"
"Colombard","White","                15.32"
"Códega do Larinho","White","                18.00"
"Coda di Volpe","Red","                14.00"
"Coda di Volpe","White","                19.09"
"Cococciola","White","                23.00"
"Claret","Red","                44.46"
"Claret","White","                30.00"
"Clairette","Sparkling","                20.00"
"Clairette","White","                35.67"
"Cinsault","Red","                27.65"
"Cinsault","Rose","                13.45"
"Cinsault","White","                 9.00"
"Ciliegiolo","Red","                29.22"
"Chinuri","White","                25.33"
"Chenin Blanc-Viognier","White","                15.56"
"Chenin Blanc-Verdelho","White","                35.00"
"Chenin Blanc-Sauvignon Blanc","White","                10.50"
"Chenin Blanc-Chardonnay","Sparkling","                17.43"
"Chenin Blanc-Chardonnay","White","                10.64"
"Chenin Blanc","Dessert","                47.19"
"Chenin Blanc","Red","                14.00"
"Chenin Blanc","Sparkling","                20.18"
"Chenin Blanc","White","                19.92"
"Chelois","Red","                22.50"
"Chasselas","White","                25.19"
"Chardonnay Weissburgunder","Dessert","                58.00"
"Chardonnay Weissburgunder","White","                25.00"
"Chardonnay-Viognier","Red","                19.00"
"Chardonnay-Viognier","White","                14.79"
"Chardonnay-Semillon","Dessert","                19.00"
"Chardonnay-Semillon","White","                16.88"
"Chardonnay-Sauvignon Blanc","White","                15.57"
"Chardonnay-Sauvignon","White","                11.43"
"Chardonnay-Riesling","White","                24.00"
"Chardonnay-Pinot Gris","White","                15.00"
"Chardonnay-Pinot Grigio","White","                 9.50"
"Chardonnay-Pinot Blanc","Dessert","                54.00"
"Chardonnay-Pinot Blanc","White","                29.00"
"Chardonnay-Macabeo","White","                10.00"
"Chardonnay-Albariño","White","                31.00"
"Chardonnay","Dessert","                38.97"
"Chardonnay","Port/Sherry","                35.50"
"Chardonnay","Red","                30.57"
"Chardonnay","Rose","                14.83"
"Chardonnay","Sparkling","                66.94"
"Chardonnay","White","                31.08"
"Chardonelle","White","                30.00"
"Chardonel","White","                11.00"
"Charbono","Red","                31.65"
"Charbono","Rose","                22.67"
"Chancellor","Red","                16.00"
"Chancellor","Sparkling","                55.00"
"Champagne Blend","Dessert","                20.00"
"Champagne Blend","Port/Sherry","                30.00"
"Champagne Blend","Red","                33.00"
"Champagne Blend","Rose","                49.80"
"Champagne Blend","Sparkling","                67.96"
"Champagne Blend","White","                 9.00"
"Chambourcin","Dessert","                35.00"
"Chambourcin","Red","                17.44"
"Chambourcin","Rose","                16.50"
"Cesanese d'Affile","Red","                23.83"
"Cesanese","Red","                20.00"
"Cercial","White","                50.00"
"Cerceal","White","                41.00"
"Centesimino","Red","                36.00"
"Cencibel","Red","                18.86"
"Cayuga","White","                18.33"
"Catarratto","Port/Sherry","                12.00"
"Catarratto","Red","                17.00"
"Catarratto","Sparkling","                24.00"
"Catarratto","White","                19.27"
"Catalanesca","White","                26.00"
"Castelão","Red","                15.73"
"Castelão","Rose","                13.00"
"Castelão","Sparkling","                17.00"
"Castelão","White","                30.00"
"Casavecchia","Red","                43.88"
"Carricante","Sparkling","                40.17"
"Carricante","White","                36.84"
"Carnelian","Red","                13.50"
"Carmenère-Syrah","Red","                19.25"
"Carmenère-Cabernet Sauvignon","Red","                25.40"
"Carmenère","Red","                21.13"
"Carmenère","Rose","                13.50"
"Carmenère","White","                13.67"
"Cariñena-Garnacha","Red","                44.25"
"Carineña","Red","                19.71"
"Carignano","Red","                37.22"
"Carignano","Rose","                14.00"
"Carignane","Red","                25.58"
"Carignane","Rose","                17.00"
"Carignan-Syrah","Red","                46.25"
"Carignan-Grenache","Red","                31.36"
"Carignan","Red","                40.70"
"Carignan","Rose","                16.00"
"Carcajolu","Red","                21.00"
"Caprettone","Sparkling","                22.00"
"Caprettone","White","                18.50"
"Cannonau","Red","                28.90"
"Cannonau","White","                31.50"
"Canaiolo","Red","                40.67"
"Camarlet","White","                25.00"
"Çalkarası","Rose","                19.00"
"Caladoc","Red","                17.50"
"Cagnulari","Red","                17.00"
"Cabernet Sauvignon Grenache","Red","                12.00"
"Cabernet Sauvignon Grenache","Rose","                23.00"
"Cabernet Sauvignon and Tinta Roriz","Red","                 8.00"
"Cabernet Sauvignon-Tempranillo","Red","                12.68"
"Cabernet Sauvignon-Tempranillo","White","                18.00"
"Cabernet Sauvignon-Syrah","Dessert","                52.50"
"Cabernet Sauvignon-Syrah","Red","                35.57"
"Cabernet Sauvignon-Syrah","Rose","                11.00"
"Cabernet Sauvignon-Shiraz","Red","                25.91"
"Cabernet Sauvignon-Shiraz","Rose","                 9.00"
"Cabernet Sauvignon-Sangiovese","Red","                36.97"
"Cabernet Sauvignon-Petit Verdot","Red","                16.00"
"Cabernet Sauvignon-Mourvèdre","Red","                48.00"
"Cabernet Sauvignon-Merlot-Shiraz","Red","                19.60"
"Cabernet Sauvignon-Merlot","Dessert","                39.00"
"Cabernet Sauvignon-Merlot","Red","                25.41"
"Cabernet Sauvignon-Merlot","Rose","                18.00"
"Cabernet Sauvignon-Merlot","White","                 9.00"
"Cabernet Sauvignon-Malbec","Red","                41.18"
"Cabernet Sauvignon-Feteasca Neagra","Red","                14.00"
"Cabernet Sauvignon-Carmenère","Red","                23.88"
"Cabernet Sauvignon-Carmenère","White","                16.00"
"Cabernet Sauvignon-Cabernet Franc","Red","                44.07"
"Cabernet Sauvignon-Barbera","Red","                42.50"
"Cabernet Sauvignon","Dessert","                40.56"
"Cabernet Sauvignon","Fortified","                50.00"
"Cabernet Sauvignon","Port/Sherry","                41.00"
"Cabernet Sauvignon","Red","                45.05"
"Cabernet Sauvignon","Rose","                14.24"
"Cabernet Sauvignon","Sparkling","                31.75"
"Cabernet Sauvignon","White","                44.51"
"Cabernet Pfeffer","Red","                38.33"
"Cabernet Moravia","Red","                18.00"
"Cabernet Merlot","Dessert","                17.00"
"Cabernet Merlot","Red","                21.28"
"Cabernet Merlot","Rose","                12.00"
"Cabernet Gernischt","Red","                30.00"
"Cabernet Franc-Tempranillo","Red","                18.00"
"Cabernet Franc-Petit Verdot","Red","                13.00"
"Cabernet Franc-Merlot","Red","                50.88"
"Cabernet Franc-Malbec","Red","                45.43"
"Cabernet Franc-Lemberger","Red","                20.00"
"Cabernet Franc-Carmenère","Red","                16.63"
"Cabernet Franc-Cabernet Sauvignon","Red","                33.67"
"Cabernet Franc-Cabernet Sauvignon","Sparkling",NULL
"Cabernet Franc","Dessert","                66.25"
"Cabernet Franc","Port/Sherry","                28.00"
"Cabernet Franc","Red","                34.29"
"Cabernet Franc","Rose","                18.02"
"Cabernet Franc","Sparkling","                22.41"
"Cabernet Franc","White","                28.67"
"Cabernet Blend","Dessert","                24.00"
"Cabernet Blend","Red","                56.19"
"Cabernet Blend","Rose","                11.00"
"Cabernet Blend","White","                40.00"
"Cabernet-Syrah","Red","                26.24"
"Cabernet-Shiraz","Red","                96.50"
"Cabernet-Malbec","Red","                11.00"
"Cabernet","Dessert","                40.00"
"Cabernet","Red","                19.27"
"Cabernet","Rose","                12.50"
"Bukettraube","White","                18.00"
"Bual","Dessert","               230.00"
"Bual","Fortified","               135.00"
"Bual","Port/Sherry","                34.00"
"Braucol","Red","                29.86"
"Brachetto","Dessert","                18.60"
"Brachetto","Red","                15.00"
"Brachetto","Sparkling","                18.00"
"Bovale","Red","                35.00"
"Bouvier","Dessert","                29.00"
"Bouchet","Red","                30.67"
"Bordeaux-style White Blend","Dessert","                51.75"
"Bordeaux-style White Blend","Red","                20.00"
"Bordeaux-style White Blend","White","                31.90"
"Bordeaux-style Red Blend","Dessert","                37.00"
"Bordeaux-style Red Blend","Port/Sherry","                22.00"
"Bordeaux-style Red Blend","Red","                49.65"
"Bordeaux-style Red Blend","Rose","                15.67"
"Bordeaux-style Red Blend","Sparkling","                20.00"
"Bordeaux-style Red Blend","White","                31.08"
"Bonarda","Red","                15.74"
"Bonarda","White","                 9.00"
"Bombino Nero","Rose","                11.00"
"Bombino Bianco","White","                20.40"
"Bogdanjuša","White","                17.00"
"Boğazkere","Red","                24.80"
"Bobal-Tempranillo","Red","                12.00"
"Bobal-Cabernet Sauvignon","Red","                 9.00"
"Bobal","Red","                19.42"
"Bobal","Sparkling","                10.50"
"Boal","Fortified","               180.00"
"Blaufränkisch","Dessert","                29.00"
"Blaufränkisch","Red","                34.13"
"Blaufränkisch","Rose","                15.17"
"Blaufränkisch","Sparkling","                19.00"
"Blaufränkisch","White","                21.50"
"Blauer Wildbacher","Rose","                13.00"
"Blauer Portugieser","Red","                15.40"
"Blauburgunder","Red","                19.00"
"Blauburger","Red","                17.00"
"Blatina","Red","                12.50"
"Blanc du Bois","Dessert","                40.00"
"Blanc du Bois","Fortified","                31.50"
"Blanc du Bois","White","                19.67"
"Black Muscat","Dessert","                21.31"
"Black Muscat","Port/Sherry","                37.00"
"Black Muscat","Red","                 7.00"
"Black Muscat","Rose","                10.00"
"Black Monukka","Dessert","                25.00"
"Bical","White","                15.07"
"Biancu Gentile","White","                36.00"
"Biancolella","White","                26.00"
"Biancale","White","                18.00"
"Bastardo","Dessert","                 9.00"
"Bastardo","Red","                30.67"
"Barbera-Nebbiolo","Red","                30.00"
"Barbera","Dessert","                20.00"
"Barbera","Red","                25.82"
"Barbera","Rose","                17.75"
"Barbera","Sparkling","                28.00"
"Barbera","White","                21.67"
"Baga-Touriga Nacional","Red","                40.00"
"Baga","Red","                35.56"
"Baga","Sparkling","                15.50"
"Baco Noir","Red","                26.17"
"Bacchus","White",NULL
"Babosa Negro","Red","                45.00"
"Babić","Red","                35.00"
"Băbească neagră","Red","                15.00"
"Azal","White","                14.00"
"Avesso","Sparkling","                30.00"
"Avesso","White","                15.33"
"Auxerrois","Sparkling","                23.80"
"Auxerrois","White","                22.81"
"Austrian white blend","Dessert","                45.27"
"Austrian white blend","Sparkling","                25.00"
"Austrian white blend","White","                27.53"
"Austrian Red Blend","Dessert","                17.00"
"Austrian Red Blend","Red","                36.45"
"Austrian Red Blend","Sparkling","                15.00"
"Athiri","White","                16.00"
"Assyrtiko-Sauvignon Blanc","White","                21.00"
"Assyrtiko","White","                23.77"
"Assyrtico","Red","                23.50"
"Assyrtico","White","                22.75"
"Asprinio","Sparkling",NULL
"Asprinio","White","                23.50"
"Arneis","Dessert","                50.00"
"Arneis","Red","                14.00"
"Arneis","Sparkling","                32.00"
"Arneis","White","                20.12"
"Arinto-Chardonnay","White","                17.50"
"Arinto","Sparkling","                20.67"
"Arinto","White","                16.51"
"Argaman","Red","                40.67"
"Areni","Red","                33.67"
"Aragonez","Red","                25.89"
"Aragonês","Red","                25.36"
"Aragonês","White","                39.00"
"Apple","Dessert","                25.60"
"Antão Vaz","White","                21.58"
"Ansonica","White","                23.33"
"Angevine","White","                12.25"
"Alvarinho-Trajadura","White","                11.50"
"Alvarinho-Chardonnay","White","                11.50"
"Alvarinho","Sparkling","                25.00"
"Alvarinho","White","                18.48"
"Alvarelhão","Red","                19.75"
"Altesse","White","                17.45"
"Alsace white blend","Dessert","                47.00"
"Alsace white blend","White","                32.84"
"Aligoté","Red","                14.00"
"Aligoté","White","                19.32"
"Alicante Bouschet","Fortified","                35.00"
"Alicante Bouschet","Red","                29.95"
"Alicante Bouschet","Rose","                24.00"
"Alicante Bouschet","Sparkling","                 7.00"
"Alicante","Red","                24.75"
"Alicante","Rose","                15.00"
"Alfrocheiro","Red","                28.15"
"Alfrocheiro","Sparkling","                25.00"
"Aleatico","Dessert","                41.50"
"Aleatico","Rose","                25.00"
"Aleatico","White","                22.00"
"Alcamo","White","                10.00"
"Albillo","White","                20.00"
"Albarossa","Red","                35.00"
"Albariño","Red","                21.67"
"Albariño","Sparkling",NULL
"Albariño","White","                21.06"
"Albarín","White","                15.00"
"Albanello","White","                20.00"
"Albana","Dessert","                35.87"
"Albana","Red","                11.00"
"Albana","White","                18.28"
"Airen","White","                12.22"
"Aidani","White","                28.50"
"Aglianico","Red","                38.23"
"Aglianico","Rose","                19.77"
"Aglianico","Sparkling","                42.38"
"Aglianico","White","                32.50"
"Agiorgitiko","Red","                20.86"
"Agiorgitiko","Rose","                13.00"
"Agiorgitiko","White","                18.00"
"Abouriou","Red","                28.00"
"$17 ","Red","                17.00"
"$12 ","Red","                12.00"
